Workload_ID,    App_ID,SubmitTime,Pr:StartTime,Pr:EndTime,Pr:CPUTime,   Pr:Size,Tr:StartTime,Tr:EndTime,Tr:NetworkTime,   Tr:Size,Tr:Channel,ResponseTime,
 0, 0, 1, 1, 2, 1, 1, 2, 13, 11, 1000000000000000, -1,TimeOut
 2, 0, 3, 3, 4, 1, 1, 4, 15, 11, 1000000000000000, -1,TimeOut
 4, 0, 5, 5, 6, 1, 1, 6, 17, 11, 1000000000000000, -1,TimeOut
 6, 0, 7, 7, 8, 1, 1, 8, 19, 11, 1000000000000000, -1,TimeOut
 8, 0, 9, 9, 10, 1, 1, 10, 21, 11, 1000000000000000, -1,TimeOut
 10, 0, 11, 11, 12, 1, 1, 12, 23, 11, 1000000000000000, -1,TimeOut
 12, 0, 13, 13, 14, 1, 1, 14, 25, 11, 1000000000000000, -1,TimeOut
 14, 0, 15, 15, 16, 1, 1, 16, 27, 11, 1000000000000000, -1,TimeOut
 16, 0, 17, 17, 18, 1, 1, 18, 29, 11, 1000000000000000, -1,TimeOut
 18, 0, 19, 19, 20, 1, 1, 20, 31, 11, 1000000000000000, -1,TimeOut
 20, 0, 21, 21, 22, 1, 1, 22, 33, 11, 1000000000000000, -1,TimeOut
 22, 0, 23, 23, 24, 1, 1, 24, 35, 11, 1000000000000000, -1,TimeOut
 24, 0, 25, 25, 26, 1, 1, 26, 37, 11, 1000000000000000, -1,TimeOut
 26, 0, 27, 27, 28, 1, 1, 28, 39, 11, 1000000000000000, -1,TimeOut
 28, 0, 29, 29, 30, 1, 1, 30, 41, 11, 1000000000000000, -1,TimeOut
 30, 0, 31, 31, 32, 1, 1, 32, 43, 11, 1000000000000000, -1,TimeOut
 32, 0, 33, 33, 34, 1, 1, 34, 45, 11, 1000000000000000, -1,TimeOut
 34, 0, 35, 35, 36, 1, 1, 36, 47, 11, 1000000000000000, -1,TimeOut
 36, 0, 37, 37, 38, 1, 1, 38, 49, 11, 1000000000000000, -1,TimeOut
 38, 0, 39, 39, 40, 1, 1, 40, 51, 11, 1000000000000000, -1,TimeOut
 40, 0, 41, 41, 42, 1, 1, 42, 53, 11, 1000000000000000, -1,TimeOut
 42, 0, 43, 43, 44, 1, 1, 44, 55, 11, 1000000000000000, -1,TimeOut
 44, 0, 45, 45, 46, 1, 1, 46, 57, 11, 1000000000000000, -1,TimeOut
 46, 0, 47, 47, 48, 1, 1, 48, 59, 11, 1000000000000000, -1,TimeOut
 48, 0, 49, 49, 50, 1, 1, 50, 61, 11, 1000000000000000, -1,TimeOut
 50, 0, 51, 51, 52, 1, 1, 52, 63, 11, 1000000000000000, -1,TimeOut
 52, 0, 53, 53, 54, 1, 1, 54, 65, 11, 1000000000000000, -1,TimeOut
 54, 0, 55, 55, 56, 1, 1, 56, 67, 11, 1000000000000000, -1,TimeOut
 56, 0, 57, 57, 58, 1, 1, 58, 69, 11, 1000000000000000, -1,TimeOut
 58, 0, 59, 59, 60, 1, 1, 60, 71, 11, 1000000000000000, -1,TimeOut
 60, 0, 61, 61, 62, 1, 1, 62, 73, 11, 1000000000000000, -1,TimeOut
 62, 0, 63, 63, 64, 1, 1, 64, 75, 11, 1000000000000000, -1,TimeOut
 64, 0, 65, 65, 66, 1, 1, 66, 77, 11, 1000000000000000, -1,TimeOut
 66, 0, 67, 67, 68, 1, 1, 68, 79, 11, 1000000000000000, -1,TimeOut
 68, 0, 69, 69, 70, 1, 1, 70, 81, 11, 1000000000000000, -1,TimeOut
 70, 0, 71, 71, 72, 1, 1, 72, 83, 11, 1000000000000000, -1,TimeOut
 72, 0, 73, 73, 74, 1, 1, 74, 85, 11, 1000000000000000, -1,TimeOut
 74, 0, 75, 75, 76, 1, 1, 76, 87, 11, 1000000000000000, -1,TimeOut
 76, 0, 77, 77, 78, 1, 1, 78, 89, 11, 1000000000000000, -1,TimeOut
 78, 0, 79, 79, 80, 1, 1, 80, 91, 11, 1000000000000000, -1,TimeOut
 80, 0, 81, 81, 82, 1, 1, 82, 93, 11, 1000000000000000, -1,TimeOut
 82, 0, 83, 83, 84, 1, 1, 84, 95, 11, 1000000000000000, -1,TimeOut
 84, 0, 85, 85, 86, 1, 1, 86, 97, 11, 1000000000000000, -1,TimeOut
 86, 0, 87, 87, 88, 1, 1, 88, 99, 11, 1000000000000000, -1,TimeOut
 92, 0, 93, 93, 94, 1, 1, 94, 105, 11, 1000000000000000, -1,TimeOut
 88, 0, 89, 89, 90, 1, 1, 90, 105, 15, 1000000000000000, -1,TimeOut
 90, 0, 91, 91, 92, 1, 1, 92, 105, 13, 1000000000000000, -1,TimeOut
 96, 0, 97, 97, 98, 1, 1, 98, 110, 12, 1000000000000000, -1,TimeOut
 94, 0, 95, 95, 96, 1, 1, 96, 110, 14, 1000000000000000, -1,TimeOut
 98, 0, 99, 99, 100, 1, 1, 100, 115, 15, 1000000000000000, -1,TimeOut
#======================================
#Number of workloads:0
#Timeout workloads:50
#Timeout workloads per cent:1
#Over workloads:0
#Number of Cloudlets:0
#Over Cloudlets:0
#Number of transmissions:0
#Over transmissions:0
#======================================
#Total serve time:0.0
#CPU serve time:0.0
#Network serve time:0.0
